서적명,작가명,출판사명,발행년도
(1985년 이후의) 현대미술이론,코커 조야,두산동아,2010
한국 형상조각의 모색과 전망 =The Figurative Sculpture of Korea It's Present and future,모란미술관,모란미술관,1991
시들지 않는 꽃 :손상기 작고 20주기 =Flowers that never fade : Son Sanggi in commemoration of the 20th anniversary of his death,손상기,국립현대미술관,2008
곁에 있는 나무:故 지용출 판화유작전,지용출,(사)한국민족예술인총연합 전북지회,2011
피카소의 예술과 사랑=Picasso prints : his art his love,피카소,삼성문화재단삼성미술관,2003
(한국현대판화가협회)애뉴얼 리포트 2008 :KCPA Annual report 2008,한국현대판화가협회,한국판화가협회,2009
졸과 박의 미로 부르는 칼 노래와 판 울림 :박수근과 한국판화,박수근미술관,박수근미술관,2012
한국현대판화가 1세대로서의 박수근 :박수근과 한국판화,박수근미술관,박수근미술관,2012
차이나게이트:2006 중국 현대미술을 보는 시점 그 관점의 교정=Chinagate:perspective toward contemporary Chinese art and its rectification,한국문화예술위원회.,한국문화예술위원회 아르코미술관,2006
(2010)한국현대판화축제 =TOOL TOOL TOOL PRINT!,서울문화재단,서울문화재단,2010
세계현대도자전=World contemporary ceramics,세계도자기엑스포조직위원회,세계도자기엑스포조직위원회,2001
(2001 제1회 경기도)세계도자비엔날레 국제공모전=(The)1st world seramic biennale 2001 Korea international competition,세계도자기엑스포조직위원회,세계도자기엑스포조직위원회,2001
프랑스 현대 드로잉전 :ㅣLe dessin francais contemporain,환기미술관,환기미술관,1998
서울숲 야외조각 심포지엄 =Seoul forest open air sculpture symposium,서울시립미술관,서울시립미술관,2006
통영 국제야외조각 심포지엄 :(남망산 조각공원 조성을 위한)통영국제야외조각 심포지엄을 마치고,통영시,통영시,1997
색깔의 힘 =(The) power of color,경기도미술관,경기도미술관,2009
(2006)드로잉 에너지=Drawing energy,한국문화예술위원회 아르코미술관,한국문화예술위원회 아르코미술관,2006
Daejeon fast.,대전시립미술관,대전시립미술관,2005
한국현대판화 : Contemporary Korean prints 1958-2008,국립현대미술관,국립현대미술관,2007
2013 Emerging Artists : 신진작가 전시지원 프로그램,서울시립미술관,서울시립미술관,2013
韓國美術 1996=Korean art 1996,중앙일보사.,중앙일보사 월간미술,1996
한국 미술문화의 이해,강민기,예경,2006
선유도 공원:Seonyudo Park Seoul조경설계 및 시공사례,선유도공원,한국토지개발공사,1994
여가의 기술 :언젠가 느긋하게 =How to enjoy your free time. : one day nicely,한국공예·디자인문화진흥원,한국공예디자인문화진흥원 문화역서울 284,2014
공예상품 100선 =Top 100 traditional crafts of Korea,문화체육관광부,한국공예·디자인문화진흥원,2014
세계도자문명전:서양=World ceramic heritages : the West,세계도자기엑스포조직위원회,세계도자기엑스포조직위원회,2001
세계도자문명전:동양=World ceramic heritages : the East,세계도자기엑스포조직위원회,세계도자기엑스포조직위원회,2001
SHIM Moon-Seup :심문섭,심문섭,Jardins du Palais Royal et IBU GALLERY,2007
Picasso 명작 400선,피카소 파블로,마로니에북스,2008
고갱 타히티의 관능.,고갱,한길아트,2003
고갱 타히티의 관능.,고갱,한길아트,2003
반 고흐 마지막 3년,고흐 빈센트 반,책생각,2012
피카소 월드 :가장 도발적이고 창의적인 예술가 피카소의 삶과 예술 이야기 :개인적인 기록과 사진 드로잉 작품 갤러리,피카소,미술문화,2013
대한민국 미술인 인명록.,김달진미술연구소,김달진미술연구소 김달진미술자료박물관,2010
Andy Goldsworthy:touching nature,Malpas William.,Crescent Moon,2005
Vanessa Beecroft :fotografien Filme Zeichnungen,Beecroft Vanessa,Hatje Cantz,2004
Alberto Giacometti:sculpture paintings drawings,Giacometti Alberto,Prestel,1994
Sigmar Polke:history of everything : paintings and drawings 1998-2003,Polke Sigmar.,Dallas Museum of Art,2003
Drawing from life:the journal as art,New Jennifer.,Princeton Architectural Press,2005
Public art new hero =퍼블릭아트 뉴히어로 :creative artist's 46,월간퍼블릭아트.,아트인포스트,2010
20th century korean art,Kim Youngna,Laurence King,2005
Nam June Paik:global groove,Hanhardt John G.,Guggenheim Museum,2004
Anthony Caro:a life in sculpture,Caro Anthony,Merrell,2004
세계사진사,르마니 장-클로드,까치글방,2007
이것은 미술이 아니다,스타니스제프스키 메리 앤,현실문화연구,2009
Master drawings from the Yale University Art Gallery,Boorsch Suzanne.,Yale University Art Gallery,2006
2008 SeMA YOUNG ARTISTS : SEMA 신진작가 전시지원 프로그램 =2008 SeMA,서울시립미술관,서울시립미술관,2008
미술평론과 경영 =Art criticism & management :2011 경희대학교 일반대학원 미술학과 미술평론·경영전공 논문집,경희대학교.,경희대학교 일반대학원 미술학과 미술평론·경영전공,2011
미술평론과 경영 =Art criticism & management :2011 경희대학교 일반대학원 미술학과 미술평론·경영전공 논문집,경희대학교.,경희대학교 일반대학원 미술학과 미술평론·경영전공,2011
미술평론과 경영 =Art criticism & management :2012 경희대학교 일반대학원 미술학과 미술평론·경영전공 논문집,경희대학교.,경희대학교 일반대학원 미술학과 미술평론·경영전공,2012
Jeong Myoung Jo :The paradox of beauty,정명조,ARTSIDE GALLERY,2013
(The)American century:현대미술과 문화 1950-2000,필립스 리사,Hakgojae,2008
영국 존무어 현대회화 수상전 :John Moores contemporary painting prize show,무어 존,성남문화재단,2010
2012 아르코미술관 미디어 프로젝트 :언바운드 아카이브 =Arko media project 2012 : the unbound archive,한국문화예술위원회.,한국문화예술위원회 아르코미술관,2012
민화 民畵 범상치 아니하다 =Folk paintings extraordinary,금광복,이천시립월전미술관,2012
한국현대미술 다시 읽기:80년대 소그룹 운동의 비평적 재조명.,오상길,청음사,2000
韓國 現代美術의 斷層,석남이경성미수기념논총운영위원회,삶과꿈,2006
(광주시립미술관 하정웅컬렉션) 벤샨 :기억하는 눈 기록하는 손 =Ben Shahn : an eye which recollects a hand which records,광주시립미술관,광주시립미술관,2013
(제1회 고암미술상 수상작가) 오윤석 :이미지의 기억 Hidden memories 2013,고암이응노생가기념관,홍성군 고암이응노생가기념관_이응노의 집,2013
한국현대판화의 담론과 현장=The discourses and the fields of korean contemporary prints:1958-2008,국립현대미술관,한국현대판화가협회·국립현대미술관,2007
인라이터닝 클레이 :클레이아크김해미술관 2014년 세라믹 루키 =Enlightening clay : ceramic rookie in clayarch Gimhae museum 2014,최정은,클레이아크김해미술관,2014
Sema 2010 :이미지의 틈 - 자연.유희.심리.,서울시립미술관,서울시립미술관,2010
2010 SeMA 신진작가 전시지원 프로그램 : 윤성지 나는 설탕에 있습니다.=2010 SeMA young artists,서울시립미술관,서울시립미술관,2010
2010 SeMA 신진작가 전시지원 프로그램 : 백기은 드로잉상상의 동물 잉크애니멀즈.=2010 SeMA young artists,서울시립미술관,서울시립미술관,2010
미술 그리고 더하기 :2009 경기도미술관 lectures =Art & plus : Gyeonggi MoMA lectures,경기도미술관,경기도미술관,2009
미술과 공공성 =Art & publicity :Gyeonggi MoMA lectures,경기도미술관,경기도미술관,2009
더아트로 2012 =(The) Artro,예술경영지원센터,예술경영지원센터 The Artro,2012
한국미술=Korean art.,월간미술 편집부,월간미술,1998
한국미술=Korean art.,월간미술 편집부,월간미술,1999
서울국제조각페스타 2014 :생각을 조각하다  =International sculpture festa 2014 in Seoul : sculpture! Your Thinking!,한국조각가협회,한국조각가협회,2014
조형심리,오미겐타로,東國,1991
아주 특별한 인연:화상 볼라르가 만나 드가와 세잔,볼라르 앙브루아즈,아트북스,2005
실험예술 어떻게 볼 것인가,한국실험예술정신,다빈치기프트한국실험에술정신,2007
그림 그리고 싶은날:스케치북 프로젝트,박상희,예담(위즈덤하우스),2012
영화 미술의 언어를 꿈꾸다:영화 속 서양미술사 르네상스 미술부터 팝아트까지,한창호,돌베개,2010
현대예술로서의 사진,코튼 샬럿,시공사Sigongart,2011
20세기 서양 조각의 거장들,정금희,재원,2001
미술해부학=Artistic anatomy,최병길,미진사,2009
NORDIC PASSION :북유럽 건축과 디자인 =ARCHITECTURE & DESIGN FROM THE NORDIC COUNTRIES,서울시립미술관,서울시립미술관,2013
민중의 고동 - 한국미술의 리얼리즘 1945-2005=Art toward the society : Realism in Korea art 1945-2005,국립현대미술관,國立現代美術館,2008
고암의 수행적 드로잉:難?好?髓,대전광역시 이응노 미술관,대전광역시 이응노 미술관,2007
철들고 그림 그리다 :잊었던 나를 만나는 행복한 드로잉 시간,정진호,한빛미디어,2014
石南이 그린 사람들:이경성 작품집,모란미술관,모란,2002
드로잉의 정석 :잘 그리는 이유 못 그리는 이유.,백남원,BM성안당,2014
고흐의 드로잉=Vincent Van Gogh.,고흐 빈센트 반,재원,2003
드로잉=Drawing,이동철,아뜰리에나무,2004
화골:한 정신과 의사의 드로잉 컬렉션,김동화,경당,2007
지금 시작하는 드로잉:당당하게 도전하는 희망 그리기 프로젝트,오은정,인그라픽스,2013
드로잉 =Drawing.,테이크아웃드로잉,테이크아웃드로잉,2012
드로잉의 세계=(The)world of drawing,권여현,재원,2005
2013 화랑미술제 =2013 Korea Galleries Art Fair :31st,한국화랑협회,한국화랑협회,2013
아티스트의 스케치북 :일러스트레이터그래픽디자이너화가만화가 44인의 아이디어 보물창고,로스먼 줄리아,아트북스,2013
그림멘토 버트 도드슨의 드로잉 수업,도드슨 버트,미디어샘,2013
화가의 얼굴 자화상 :뒤러부터 워홀까지 자화상으로 그린 화가의 진실,커밍 로라,아트북스,2012
공간이 마음을 살린다 :행복한 공간을 위한 심리학,스턴버그 에스더 M.,길벗,2013
처음 만나는 그림:그림 읽어주는 남자 레스까페의 다정다감한 그림이야기,선동기,아트북스,2009
예술가의 방:아나운서 김지은 현대미술작가 10인의 작업실을 열다,김지은,서해문집,2009
도서관에서 만난 사람들 :버지니아 울프에서 안토니 가우디까지 위대한 예술가 12인의 불꽃 같은 삶과 영혼,박나경,뜨란,2013
책에 미친 바보:이덕무 산문집,이덕무,미다스북스,2013
작품 촬영 :회화에서 설치 작품까지 =Artwork shots : from painting to installation photo,조영하,포토넷,2013
관풍,의재미술관,의재미술관,2007
되돌아 보는 한국 현대조각의 위상=Looking back to the current of contemporary korean sculture : at「sculpture now」exhibition:「오늘의 한국조각」을 중심으로,모란미술관,모란미술관,2004
(간추린)서양 현대조각의 역사,리드 허버트,시공사,2005
조각:한눈에 보는 흥미로운 조각의 역사,밀레 카밀라,예경,2005
현대조각의 흐름,크라우스 로잘린드,예경,2005
Mythology of moon shin＇s art world=문신 예술의 신화:an esthetic of unity,김영호,美術世界,2008
한국 현대조각사 연구,최태만,아트북스,2007
(전수천의)움직이는 드로잉,전수천,시공아트,2007
Iron age stories,최태훈,다빈치,2003
Project:communication through the nature,김태준,다빈치,2003
딸과 함께 떠나는 건축여행,이용재,멘토press,2008
가우디 공간의 환상,가우디 안토니,다빈치,2003
성:중세의 요새와 타운이 건설되는 과정,맥컬레이 데이비드,소년한길한길사,2005
건축의 세계 :세계인과 함께 읽는 비주얼 교양 백과,글랜시 조나단,21세기북스북이십일,2009
모더니즘 이후의 현대 건축,기라도 다이앤,시공사,2006
알기쉬운 한국건축 용어사전,김왕직,동녘,2010
건축의 유혹,프렌치 힐러리,예담,2003
그림이 된 건축 건축이 된 그림.,김홍기,아트북스,2008
건축과 미술이 만나다 :1890~1940,임석재,휴머니스트 출판그룹,2008
큰 건축물:다양하고 복잡한 구조물에 숨겨진 비밀들,맥컬레이 데이비드,한길사,2004
단원 김홍도=(The)Art of Kim Hong-D:조선적인 너무나 조선적인 화가,김홍도,열화당,2008
한국미술의 자생성,한국미술의자생성간행위원회,한길아트,1998
한국미술의 자생성,한국미술의자생성간행위원회,한길아트,1998
한국미술의 자생성,한국미술의자생성간행위원회,한길아트,1998
毅齋 許百鍊,삼애학회,三愛學會,1991
(한국근대미술)근대를 보는 눈:조소=Glimps into Korean Modern Sculpture,국립현대미술관,삶과꿈,1998
에드바르 뭉크 :세기말 영혼의 초상,Prideaux Sue,을유문화사,2008
프랭크 로이드 라이트 :20세기 건축의 위대한 유산,Huxtable Ada Louise,을유문화사,2008
자코메티:영혼을 빚어낸 손길,Lord James,을유문화사,2006
페기 구겐하임,구겐하임 페기,을유문화사,2008
앙리 카르티에 브레송:세기의 눈,아술린 피에르,을유문화사,2008
백남준 나의 유치원 친구 =Nam June Paik my kindergarten friend,이경희,디자인하우스,2011
세잔:사과 하나로 시작된 현대 미술,오 미셸,시공사,2004
가우디:예언자적인 건축가,가우디 안토니오,시공사,2009
모네:순간에서 영원으로,파탱 실비,시공사,2004
르누아르:빛과 색채의 조형화가,디스텔 안,시공사,2002
레오나르도 다 빈치:조화와 비례의 미학,베초시 알렉산드로,시공사,1999
렘브란트:빛과 혼의 화가,보나프 파스칼,시공사,1996
고갱:고귀한 야만인,카생 프랑수아즈,시공사,2003
인상주의의 숨은 꽃 모리조,푸로 아르망,글항아리,2009
(이해받지 못한 사람)마네,피에라르 루이,글항아리,2009
쿠르베ㆍ터너ㆍ도미에 =Gustaue CourbetㆍWilliam TurnerㆍHonore Daumier,김은빈,지경사,2009
루벤스. 벨라스케스. 렘브란트=Peter Pau Rubens. Diego Velazquez. Rembrandt,이규희,지경사,2009
카라바조.와토.샤르댕 =Caravaggio.Jean Antoine Watteau.Jean Simeon Chardin,이미애,지경사,2009
조토.반 에이크.티치아노  =Giotto di Bondone. Jan van Eyck.Tiziano Vecellio,김은빈,지경사,2009
칸딘스키.몬드리안.폴록  =Wassily Kandinsky.Piet Mondrian.Jackson Pollock,이은재,지경사,2009
고야ㆍ제리코ㆍ들라크루아 =Francisco de GoyaㆍTheodore GericaultㆍEugene Delacroix,김진섭,지경사,2009
다비드ㆍ앵그르 =Jacques Louis David ㆍ Jean Auguste Dominique Ingres,김진섭,지경사,2009
쇠라 =Georges Pierre Seurat.로트레크 =Henri de Toulouse Lautrec.루소 =Henri Rousseau,이규희,지경사,2009
로댕ㆍ부르델 =Auguste RodinㆍEmile Antoine Bourdelle,조영경,지경사,2008
뭉크ㆍ클레 =Edvard MunchㆍPaul Klee,이규희,지경사,2008
인상주의 화가들:가장 빛나는 회화의 시대,Bartolena Simona,마로니에북스,2009
자라지 않는 나무 :손상기의 글과 그림,손상기,샘터아트북,2004
프리다 칼로 ＆ 디에고리벨라,클레지오 르,다빈치,2001
(알베르토 망구엘의)나의 그림읽기:그림에 얽힌 사랑과 증오의 역사 그리고 인간 이야기,망구엘알베르토,세종서적,2003
우리 미술 100년,오광수,현암사,2002
法空과 莊嚴=Art and truth.,강우방,열화당,1999
문신의 약속=Promise of Moon Shin,최성숙,숙명여자대학교 문신미술관,2008
세상에 부럼없어라,김동일,프레파라트,2008
발상과 표현기법:창조적 사고와 시각적 표현력 개발을 위한 학습서,행크스 커트,아키그램,2005
해석에 반대한다,손택 수전,이우,2003
샤갈 꿈꾸는 마을의 화가,샤갈 마르크,다빈치,2004
렘브란트와 혁명,몰리뉴존,책갈피,2003
프리다 칼로=Frida Kahlo,칼로 프리다,재원,2003
경기미술 2008=20 Artist & critics 6,권영진,경기문화재단,2009
기전미술 2007=20 Artist & critics.,경기문화재단,경기문화재단,2006
기전미술 2006=20 Artist & critics.,경기문화재단,경기문화재단,2006
동시대 한국미술의 지형=Mappings of Korean contemporary art,한국문화예술위원회,학고재,2009
장욱진,장욱진미술문화재단,용인대학교 전통문화연구소,2008
손상기 고향바다에 던져진 흰꽃,손상기,손상기 기념사업회,2008
조영남 길에서 미술을 만나다:유쾌하고 재밌는 미술 탐방,조영남,월간미술,2003
나는 미술관에 놀러간다,문희정,동녘,2011
Douts,정해광,심포지움,2012
일곱번째 아홉수를 곱게 보내는 두가지 :정명희 화시선집,정명희,임마누엘인쇄출판사,2012
플랑드르 사실주의 회화 :15세기 제단화를 중심으로,박성은,이화여자대학교출판부,2008
그래픽 디자인의 역사,홀리스 리처드,시공사,2001
마음이 한가해지는 미술산책,김봉규,주노아트,2007
슈퍼아트,올리바 아킬레 보니토,미진사,1996
미술과 문학의 만남,이가림,(주)월간미술,2002
당신의 미술관,파르취 수잔나,현암사,2001
마음의 빛 :방혜자 예술론,방혜자,풀잎,2009
마음의 빛 :방혜자 예술론,윤난지,풀잎,2009
런던 미술 수업 :한 젊은 아트컨설턴트가 체험한 런던 미술현장,최선희,아트북스,2008
미술관에 간 화학자:과학의 프리즘으로 미술을 보다,전창림,랜덤하우스코리아,2009
화가와 모델:화가의 붓끝에서 영원을 얻은 모델이야기,이주헌,예담,2009
(구스타프) 클림트 =Gustav Klimt,조명식,재원,2008
렘브란트 반 레인=Rembrandt van Rijn,레인 렘브란트 반,재원,2003
이방인의 빈방,김용민,멘토르출판사,2009
아방가르드의 이론,뷔르거 페터,지만지지식을만드는지식,2009
이미지의 삶과 죽음:西歐的 視線의 歷史,드브레 레지스,시각과언어,1994
미학으로 읽는 미술:미학 강의 A에서 Ω까지,오병남,월간미술,2007
미술법 =Art law :알타미라 벽화에서 데미안 허스트 까지,김형진,메이문화산업연구원,2013
예술과 환영:회화적 표현의 심리학적 연구,곰브리치E.H.,열화당,1989
미술사방법론,애담스 로리 슈나이더,조형교육,2000
춤추는 죽음:서양미술에 나타난 죽음의 미학.,진중권,세종서적,2005
춤추는 죽음:서양미술에 나타난 죽음의 미학.,진중권,세종서적,2005
정지와 움직임=Stillness & movement,국민체육진흥공단,국민체육진흥공단,2004
강익중 =Ik-Joong Kang,이주헌,마로니에북스,2009
김복진의 삶과 예술,이경성,얼과알,2001
(海東書聖)金生書法字典,김생연구회,金生硏究會,2005
명화의 비밀,호크니데이비드,한길아트,2003
한국현대미술 다시읽기 IV:초기 추상미술의 비평적 재조명.,오상길,ICAS,2004
한국현대미술 다시읽기 IV:초기 추상미술의 비평적 재조명.,오상길,ICAS,2004
한국현대미술 다시읽기 IV:초기 추상미술의 비평적 재조명.,오상길,ICAS,2004
한국현대미술 다시읽기III:70년대 단색조 회화의 비평적 재조명.,오상길,ICAS,2003
한국현대미술 다시읽기III:70년대 단색조 회화의 비평적 재조명.,오상길,ICAS,2003
한국현대미술 다시 읽기 II:670년대의 미술운동 자료집.,오상길,ICAS,2001
한국현대미술 다시 읽기 II:670년대의 미술운동 자료집.,오상길,ICAS,2001
표현주의,베어 슐라미스,열화당,2003
미래주의,험프리스 리처드,열화당,2003
추상표현주의,발켄 데브라 브리커,열화당,2003
리얼리즘,맬패스 제임스,열화당,2003
초현실주의,브래들리 피오나,열화당,2003
팝 아트,매카시 데이비드,열화당,2003
바우하우스,휘트포드 프랭크,시공사·시공아트삽도,2011
(간추린)서양현대조각의 역사,리드 허버트,시공사,2003
비잔틴 미술.,매튜스 토머스 F.,예경,2006
아프리카 왕실미술,블라이어 수잔 프레스턴,예경,2004
스페인 회화,톰린슨재니스,예경,2002
라파엘전파,베린 팀,예경,2002
(20세기)정치선전예술,클락 토비,예경,2000
베네치아의 르네상스,브라운 패트리샤 포르티니,예경,2001
북유럽 르네상스의 미술,하비슨 크랙,예경,2001
베로니카의 수건=Veronica's veil:story of St. Mary and Christ's image,홍진경,예경,2001
중국회화 감상=Paintings of China,박은화,예경,2001
오늘의 미술,테일러 브랜든,예경,2002
한국근대미술과 시각문화,김영나,조형교육,2002
조선 후기의 기술도 =Technical drawing in last Joseon Korea :서양 과학의 도입과 미술의 변화,정형민,서울대학교출판부,2007
(개정판) 문학과 예술의 사회사(1-4).,하우아르놀트,창작과비평사,2003
(개정판) 문학과 예술의 사회사(1-4).,하우아르놀트,창작과비평사,2003
(개정판) 문학과 예술의 사회사(1-4).,하우아르놀트,창작과비평사,2003
초기 그리스도교와 비잔틴 미술,로덴 존,한길아트,2003
그리스 미술,스피비 나이즐,한길아트,2001
이슬람 미술,블룸 조너선,한길아트,2001
다다와 초현실주의,게일매슈,한길아트,2001
신고전주의,어원 데이비드,한길아트,2004
낭만주의,브라운 데이비드 블레이니,한길아트,2004
달리,래드퍼드로버트,한길사,2002
고흐,선드 주디,한길아트,2004
미켈란젤로,휴즈 앤소니,한길아트,2003
고야,시먼스 새러,한길아트,2001
인도미술,데헤자 비드야,한길아트,2001
렘브란트,베스테르만 마리에트,한길아트,2001
아르누보,에스크릿 스티븐,한길아트,2001
샤갈,봄-두첸 모니카,한길아트,2003
현대미술의 이해:모더니즘·포스트모더니즘을 읽는 8가지 새로운 눈,미첨 팸,시공사,2010
(알베르토 망구엘의)나의 그림읽기:그림에 얽힌 사랑과 증오의 역사 그리고 인간 이야기,망구엘알베르토,세종서적,2003
인문학의 꽃 미술사학 그 추체험의 방법론=Art History the Flower of the Humanities - its Methodology of Nacherlebnis,강우방,열화당,2004
사랑의 이미지=Images d'amour,정진국,민음사,2005
궁궐의 장식그림=Decorative Paintings of Joseon Palaces,국립고궁박물관,국립고궁박물관,2009
한국미술의 역사:선사시대에서 조선시대까지,김원용,Sigongart,2003
위대한 의자 20세기의 디자인=100 years 100 chairs,서울시립미술관,로렌스 제프리스,2006
이탈리아 스타일전:가구 조명 은기,한국국제교류문화재단,한국국제교류문화재단,2010
작품가격.,한국미술시가감정협회.,월간 Art Price,2011
(미술 감상의 원리)미술의 이해,파이퍼 데이비드,시공사,1995
파노프스키의 이데아,파노프스키 에르빈,예경,2005
새로움의 충격:모더니즘의 도전과 환상,휴즈 로버트,미진사,1995
(위대한 유토피아의 꿈)러시아 미술사=(The)story of Russian art:12세기 이콘화부터 21세기 현대 미술까지,이진숙,황금가지민음in,2008
세계미술용어사전,월간미술사,중앙일보사,1994
(사례로 본) 디자인과 브랜드 그리고 경쟁력,정경원,웅진북스,2004
이슈 중국 현대 미술:찬란한 도전을 선택한 중국 예술가 12인의 이야기,이보연,Sigongart,2008
(만화)서양미술사.,다카시나 슈지,다빈치,2002
인도현대미술 : 세 번째 눈을 따라,국립현대미술관,국립현대미술관,2009
어느 미술관장의 회상:미술은 모든 사람의 것이다,이경성,시공사,1998
소장자료 테스트,오성빈,,
Soyez Les Bienvenus,Baur Ruedi,I'ESBAM,2004
Paul Klee Art Box,Klee Paul,[  ],2006
Ralf Sander :Transformationen,Sander Ralf,FK,2010
Annuel Skira Annual,Skira,Skira,1978
Art photography now,Bright Susan,Aperture,2005
Carsten Ho@ller :register,Ho@ller Carsten.,Fondazione Prada,2006
Un Artista Pensador,Montanes Jesus Sus,Editorial Aqua,2007
Moon Shin :Retrospective,Shin Moon,Jacques Dopagne,1992
Infant Splendor,구상,삼성출판,1990
RODIN :으젠느 오귀스뜨 로댕,열화당편집부,열화당,1990
미국 미술 300년 =Art across America,국립중앙박물관,국립중앙박물관,2013
김주호,김주호,헥사곤,2012
진양욱 그 삶과 예술,진양욱,광주시립미술관,2001
조선시대 초상화 초본,이수미,국립중앙박물관,2007
Drawing now:eight propositions,Hoptman Laura J.,Museum of Modern Art,2002
서양미술사,곰브리치 E.H.,예경,1994
현대미술사연구.,현대미술사학회,현대미술사학회,2013
Drawing 또 다른 선의 언어,정숙영,미진사,2005
드로잉,서울여대조형연구소,시공사,2002
뒤러 ·홀바인 ·브뢰겔 :명화로 보는 세계의 미술가,강원희,지경사,2009
피카소와의 대화=Conversations avec Picasso,브로샤이,에코리브르,2004
자살의 미술사,브라운 론,다지리,2003
낯익은 일상 낯선 드로잉,윤종석,문장,2006
천재는 죽었다,심상용,아트북스,2003
추상미술.,멜구딩,열화당,2003
이집트 미술,말레크 야로미르,한길아트,2005
이것이 한국화다:일랑의 현대진경,류병학,아트북스,2003
한국미술 그 분출하는 생명력,강우방,월간미술,2001
서울의 궁궐건축,김동현,시공사,2004
(우리가 정말 알아야 할)우리 그림 백가지:선사시대부터 조선시대까지,박영대,현암사,2002
예술가와 뮤즈,유경희,아트북스,2003
한국미술 100년.,국립현대미술관,한길사,2006
한국 근대회화 100선:1900-1960,국립현대미술관,얼과알,2002
한국의 초상화 :형形과 영影의 예술,조선미,돌베개,2009
우리 옛 도자기의 아름다움,윤용이,돌베개,2008
초상화 연구:초상화와 초상화론,조선미,문예출판사,2008
畵壇풍상七十年:月田 회고록,장우성,미술문화,2003
새로운 지평선:1789년부터 1980년까지의 서양 근현대 미술과 동양 미술,파이퍼 데이비드,시공사,1995
추상 미술의 역사,다발장 뤽,미진사,2001
美術과 視知覺,아른하임 루돌프,미진사,2005
美術과 視知覺,아른하임 루돌프,미진사,2005
미술의 세계,커밍 로버트,북이십일 21세기북스,2009
화가들은 감정을 어떻게 표현할까?,이명옥,작은책방,2005
西洋美術史,잰슨호스트 월드머,미진사,2002
잔혹극 속의 현대 미술:몸과 권력 사이에서,김원방,예경,1998
예술작품의 근원,말틴 하이데거,경문사,1979
미학 강의,헤겔 게오르크 W.F.,지만지,2008
20세기의 한국미술,김영나,예경,2001
만화 서양미술사.,다카시나 슈지,다빈치,2002
21세기 문화발전을 위한 미술진흥제도 개선책 연구,'95미술의해 조직위원회.,'95미술의해 조직위원회 미술정책연구회,1995
한국현대미술 추억사 :1970-80 =Short-term memory of Korean contemporary art : 1970-80,대학미술협의회,사회평론,2009
홀로 나귀 타고 미술숲을 거닐다 :한국미술 7천 년 미(美)의 산책,이원복,이가서,2008
(곽재구의)예술기행:내가 사랑한 사람 내가 사랑한 세상,곽재구,열림원,2003
인터넷과 함게하는 현대디자인,이수철,예경,2003
예술행정,한국문화예술진흥원,한국문화예술진흥원,2019
아방가르드의 쇠퇴와 몰락,홉스봄 에릭,조형교육,2002
웬디 수녀의 미국 미술관 기행,베케트 웬디,예담,2004
웬디 수녀의 미국 미술관 기행,베케트 웬디,예담,2004
그리스 미술 이야기,노성두,살림출판사,2004
디자인의 유혹,프리먼 줄리언,예담출판사,2008
미술의 유혹,프리먼 줄리언,예담,2003
우리 시대의 미술가들,오광수,시공아트,2011
문학과 예술의 사회사:선사시대부터 중세까지.,하우저아르놀트,창작과비평사,2001
20세기의 미술,린튼 노버트,예경,1993
사진에 나타난 몸,퓰츠 존,예경,2001
중세의 사랑과 미술,카밀마이클,예경,2001
미술의 해석,피시맨 솔로몬,학고재,1999
토탈 아트:前衛藝術이란 무엇인가,헨리 에이드리언,正音文化社,1987
현대미술에서의 환원과 확산:李逸 美術評論集,이일,悅話堂,1991
사비나의 에로틱 갤러리,이명옥,해냄,2002
바로보는 한국의 현대미술,김달진,발언,2006
미학예술학 사전,다께우찌 도시우,미진사,1993
전시의 담론=모더니즘 이후 미술의 화두,윤난지,눈빛,2003
현대미술과 모더니즘론:형식주의.맑시즘.후기구조주의.포스트모더니즘의 관점,이영철,시각과 언어,1996
현대미술,Pradel Jean-Louis,생각의나무,2004
마음에 품는 현대미술 :한국현대화가 70명에 대한 에세이,김종근,Artblue,2009
현대미술의 풍경=Landscape of Modern Art,윤난지,한길아트,2007
현대미술의 변명:포스트모더니즘 미술가 25인과의 인터뷰,시겔 진,시각과언어,2000
한국의 행위미술가들 =Performance artist in Korea,이혁발,다빈치'기프트,2008
자코메티의 아틀리에,주네 장,열화당,2007
어느 미술관장의 회상:미술은 모든 사람의 것이다,이경성,시공사,1998
독일 미술관을 걷다,이현애,마로니에북스,2013
어느 예술가의 잠꼬대 :조각가 이일호의 미학 이야기,이일호 1947-,안나푸르나,2016
2016년 고려청자박물관 특별전 강진 사당리 고려청자 =Goryeo celadon of Sadang-ri kiln site Gangjin,고려청자박물관,국립중앙박물관,2016
글로컬리즘과 아시아의 현대미술,윤진섭 1955-,사문난적,2014
수상한 미술관 :李垠 장편소설,이은,웅진씽크빅,2009
인터뷰 아카이브,한국문화예술위원회.,한국문화예술위원회 아르코미술관,2016
21세기 회화이론 및 방법=(The)theories and methods in 21st century painting,박기웅,형설출판사,2005
2015년도 미술시장실태조사 =Survey on the art market 2015 :2014년 기준,,세종시,2015
The Drawings of Antonio Gaudi,Gaudi,The Drawing Center,1977
Sobor Sofijski W Kijowie,Przewodnik,[  ],1987
The Capital of Sculptures,Zuezhan Wang,장춘출판사,2008
The Capital of Sculptures,Zuezhan Wang,장춘출판사,2008
christie's London :Post-War and Contemporary Day Sale,Auction,Auction,2003
Silent Power,Baselitz George,Michael Werner Gallery,2006
Haura :The Eloquent Media in Modern Japan - From Okaju collection,Art Juku,Art Juku,2008
중국미술대사기 =Chinese Fine Arts Chronicle,중국문사출판사,중국ㄱ문사출판사,2010
Passages :Swiss arts council prohelvetia,Pro Helvetia,Pro Helvetia,2014
Leonard Foujita,동경국립근대미술관,동경국립근대미술관,2006
Tokyo Opera City Art Gallery :Selected Works from the Permanent Collection,ArtGallery,Tokyo Opera City ArtGallery,1999
Picasso:Collection of the Hakone Open-Air Museum,Picasso,The Hakone Open-Air Museum,2003
Saburo Muraoka,Saburo Muraoka,National Museum of Modern Art,1998
彫刻の森美術觀 =The Hakone Open-air Museum 1969-1999,조각の삼미술관,彫刻の森美術觀,1999
김보현 =Po Kim,김보현,조선대학교미술관,2011
To Three Public information systems Placemaking and urban legibility,wx-design,Long Sea International book,2007
本鄕新記念札幌彫刻美術觀 =본향신기념찰황조각미술관,찰황조각미술관,찰황조각미술관,1981
YinXiaofeng's Art Works :Sculpture,YinXiaofeng,[  ],2001
Guidebook,조각の삼미술관,조각の삼미술관,2001
Guidebook,조각の삼미술관,조각の삼미술관,2001
Personal Structures Sympisium,Ludwig Museum,Ludwig Museum,2005
Zaha Hadid,Hadid Zaha,Guggenheim Museum,2006
Medicine and art :imagining a future for life and love :Leonardo da Vinci Okyo Damien Hirst,Arnold Ken,Mori Art Museum,2009
Sculpture inside outside,Friedman Martin,Walker Art Center,1988
Niki de Saint Phalle :my art my dreams,Saint-Phalle Niki de,Prestel,2003
Rirkrit Tiravanija :Untitled 2002 (the raw and the cooked),Tiravanija Rirkrit,Tokyo Opera City Cultural Foundation,2002
Saporo Sculpture Garden =야외미술관,Sapporo Municipal Government,Sapporo Art Park Foundation,1986
彫刻の森美術觀 =The Hakone Open-air Museum =조각의숲미술관,조각の삼미술관,조각の삼미술관,1989
Antonie Bourdelle 1861-1929,Bourdelle Antonie,북구주시미술관,2007
Inigo Jones :complete Architectural Drawings,Harris John,The Drawing Center,1989
Felix Gonzalez - Torres,Spector Nancy,GuggenheimMuseum,1996
Paul Klee Paintings and Watercolors from The Bauhaus Years 1921-1931,Klee Paul,,
Annuel Skira Annual,Skira,Skira,1978
Annuel Skira Annual,Skira,Skira,1978
Peter Paul Rubens:(the)drawings,Logan Anne-Marie S.,Metropolitan Museum of Art,2005
(The)art of drawing in France 1400-1900:drawings from the National Museum Stockholm,Bjurstr쮗m Per.,The Drawing Center,1987
Shigeko Kubota:video as a Form of Spiritual Collision with the World,Kubota Shigeko,American Museum of the Moving Image,1991
Drawings from Venice :masterworks from the Museo Correr Venice,Pignatti Terisio,Trefoil Books in association with the Drawing Cent,1985
Georges Braque :a life,Danchev Alex.,Arcade Distributed by Time Warner Book Group,2005
Joseph Beuys :early watercolors and drawings,Schade Werner.,Schirmer Art Books,2004
Sophie Calle :m'as-tu vue,Calle Sophie.,Prestel,2003
Photo icons :the story behind the pictures,Koetzle Hans-Michael.,Taschen,2008
Louise Bourgeois,Morris Frances,Rizzoli,2008
Painted clay :graphic arts and the ceramic surface,Scott Paul.,A & C Black,2001
페르난도 보테로 =Fernando Botero,국립현대미술관.,국립현대미술관,2009
The museum establishment and contemporary art :the politics of artistic display in France after 1968,DeRoo Rebecca J.,Cambridge University Press,2006
Matthew Barney :the Cremaster cycle,Spector Nancy.,Harry N. Abrams,2002
Mexico and Modern Printmaking,Ittann John,The Drawing Center,2007
Mark Rothko:A consummated experience between picture ane onlooker,Rothko Mark,Hatje Cantz Pulishers,2001
Kim Whanki:Vie et oeuvre Life and Work,Kim Whanki,Youl Hwa Dang,1992
Chichu Art Museum:Tadao Ando builds for Walter De Maria James Turrell and Claude Monet,Akimoto Yuji.,Hatje Cantz,2005
Francesco Vezzoli,Celant Germano,Progetto Prada Arte,2004
(The) Illusion of life :Disney animation,Johnston Ollie,Disney Editions,1981
Keith Haring,Deitch Jeffrey,Rizzoli,2008
An atlas of drawings :transforming chronologies,Prez Oramas Luis,Museum of Modern Art Distributed in the United Sta,2006
Christopher Wilmarth :drawing into sculpture,Saywell Edward.,Harvard University Art Museums,2003
Dorothea Tanning :early designs for the stage,Tanning Dorothea,Drawing Center,2010
Leon Golub :live & die like a lion?,Golub Leon,The Drawing Center,2010
Nathalie Djurberg Turn into me,Celant Germano,Progetto Prada Arte,2008
Iannis Xenakis :composer architect visionary,Xenakis Iannis,Drawing Center,2010
Postmodern art:from the post-war to today,Poli Francesco,Collins Design,2008
Gerhard Richter:drawings 1964-1999 :catalogue raisonne,Schwarz Dieter,Kunstmuseum WinterthurRichter,1999
Blackwell handbook of sensation and perception,Goldstein E Bruce,Blackwell Pub.,2005
La collection du Musee national d`art moderne :catalogu e,Musee national d`art moderne (France).,Editions du Centre Georges Pompidou,1987
Agua sintinosoy Water without you i'm not :3a Bienal De Valencia,Charta,Charta,2002
Naivety in Art,Setagaya Art Museum,Stagaya Art Museum,1986
Doug Aitken :New Ocean,Doug Aitken,Tokyo Opera City Art Gallery,2003
Piemonte Torino Design,Electa,Electa,2006
Jean-Charles Blais,Blais Jean-Charles,Centre Georges Pompiou,1987
Moulages du Musee du Louvre,Mreunion des Mudsees,Mreunion des Mudsees,
Kirchenburgen der Sachsen in Siebenburgen :The Saxon Fortified Churches of Transylvania,Loan Augustin,NOI,2004
Constuctivism :Origins and Evolution,Rickey George,George Braziller,1995
The 2nd Fujisankei Biennale :International Exhibition for Contemporary Sculpture the Utsukushi-ga-hara Open-Air Museum =제2회 후지산케이현대국제조각전,The Utsukushi-ga-hara Open-Air Museum,The Utsukushi-ga-hara Open-Air Museum,1995
Arnaldo Pomodoro :Luoghi Gondamentali,Pomodoro Arnaldo,Fabbri Editori,1984
Ralf Sander :Human-Transhuman,Sander Ralf,Just Art Galerie,2005
The Language of Sculpture,Tucker William,Thanes& Hudson,2005
Raymond Pettibon :Plots Laid Thick,Pettibon Raymond,Tokyo Opera City Art Gallery,2002
Dani Karavan :Time Space Meditation,Karavan Dani,The Museum of Modern Art,2004
Shadows of a Hand :The Drawings of Victor Hugo,Rodari Florian,The Drawing center,1998
Drawn from Artists' Collections,The Drawing Center,The Drawing Center,1999
Isamu Noguchi :A Study of Space,Torres Ana Maria,The Monacelli Press,2000
Sargent Portrait Drawings :42 Works by John Singer Sargent,Sargent,Dover Pub.,
Paolo di capua crescita di piante notturne,Capua Paolo Di,IE Young Contemporary Art Museum,2003
A Garden for Art :Outdoor Sculpture at the Hirshhorn Museum,Fletcher Valerie J,Hirshhorn Museum,1988
Embracing Light :iron,Aoki Noe,Hangil Art Pub.,2007
Debbie Han :The Eye of Perception,Han Debbie,trunk gallery,2010
Marta Pan,Pan Marta,Galerie Winter,2003
Eva Hesse Drawing,Zegher Catherine De,The Drawing Center,2006
Pop Sculpture :How to create action figures and collectible statues,Bruckner Tim,Watson Guptill,2010
Understanding Architecture Through Drawing,Edwards Brian,E&FN SPON,1994
Eva Hesse:sculpture,Sussman Elisabeth,Jewish Museum,2006
Cezanne to Picasso :Ambrois Vollard Patron of the Avant-Grade,Picasso,,
Criticizing Art :Understanding the Contemporary,Barrett Terry,Mayfield Pub.,1994
Criticizing Art :Understanding the Contemporary,Barrett Terry,Mayfield Pub.,1994
Art in Theory 1900-2000 :An Anthology of changing Ideas,Harrison Charles,Blackwell,2003
S M L XL :Small Medium Large Extra-Large Office for Metropolitan Architecture,Koolhaas Rem,Monacelli Press,1998
Sung Dong Hun,Sung Dong Hun,중견작가(Blue Book),2013
Mode Drawing :Nude(Male),Isao Yajima,Atorie,
David Hockney :Portraits,Hockney David,The Drawing Center,2007
Burkhard Held :Facescapes,Held Burkhard,Kunsthalle Mannheim,2007
Radical Reconstruction,Woods Lebbeus,Princeton Architectural Press,1997
Contemporary Erotic Drawing,Horodner Stuart,The Aldrich Contemporary Art Museum,2005
Masterdrawings of Otto Wagner,Wagner Ottp,The Drawing Center,1987
(The)art of Korea:highlights from the collection of San Francisco's Asian Art Museum,Asian Art Museum of San Francisco,Asian Art Museum of San Franscisco,2006
Vincent van Gogh:the drawings,Gogh Vincent van,Metropolitan Museum of Art,2005
Tod Und Feuer :Death and Fire - Paul Klee,Klee Paul,Sprengel Museum Hannover,2003
Tai-Jung Um:skulpturen und zeichnungen = sculptures and drawings,Um Tai-Jung.,Hatje Cantz,2005
Paul Klee :The Nature of Creation,Klee Paul,Hayward Gallery,2002
(Aristide)Maillol,Lorquin Bertrand.,Skira,2002
Joan Mitchell :Pastel,Mitchell Joan,Robert Miller Gallery,1994
Human Anatomy & Figure Drawing :The Integration of Structure and Form,Kramer Jack N,Van Nostrand Reinhold Company,
In the Mountains of Japan :The Open-Air Museums of Hakone and Utsukushi-Ga-Hara,Hunter Sam,Abbeville Press,
In the Mountains of Japan :The Open-Air Museums of Hakone and Utsukushi-Ga-Hara,Hunter Sam,Abbeville Press,
Kinetic :Sculpture - A Retrospective,Rickey George,Vero Beach Museum of Art,2007
Yongnam Park,박영남,Ganaart,2006
Picasso's <Parade> :From street to stage,Picasso,The Drawing Center,1991
PICASSO :In the Metropolitan Museum of Art,Picasso,The Metropolitan Museum of Art,2010
Afterimage :Drawing Through Process,Butler Cornelia H,The MIT Press,1999
마크 로스코 :숭고의 미학 =The Art of Mark Rothko,로스코 마크,삼성미술관 리움,2006
Christo and Jeanne-Claude:the Wurth Museum collection,Ronte Dieter.,Philip Wilson,2004
로버트 인디애나=Robert Indiana:living legend,인디애나 로버트,서울시립미술관,2006
Richard Serra :Weight and Measure Drawings,Shiff Richard,The Drawing Center,1994
In the Street :Chalk Drawings and Messages - New York City 1938~1948,Levitt Helen,Lindhurst book,2002
Francis Bacon :Working on Paper,Gale Mattew,Tate,1990
Drawing and Perceiving :Life Drawing for Students of Architecture and Design,Cooper Douglas,Wiley,2001
Ralf Sander with 249 illustration 160 in colour,WSM,World Saving Machine,2009
Hand to Earth :Sculpture 1970-1990,Goldsworthy Andy,Harry N.Abrams,1990
Airan kang,강애란,에이앤에이,2000
INFINITE PISSIBILITIES :Serial Imagery in 20th-century Drawings,Davis Museum,Wellesley,2004
Cultural Economies :Histories from the Alternative Arts Movement NYC,Ault Julie,The Drawing Center,1996
Theatre on paper,Schouvaloff Alexander,The Drawing Center,1990
(Degas)Drawing of Dancers :47 Works,Degars Edgar,Dover Pub.,1999
Light and Shadow in Drawing,Barron's,Barron,2005
The northern landscape :Flemish Dutch and British Drawings from the Courtauld collections,Farr Dennis,The Drawing Center,1986
New Media Art,Tribe Mark,taschen,2009
Eternidad En Los Andes :Memorias de Marina Nunez Del Prado,Prado Marina Nunez del,[  ],1959
Grau-Garriga,Garriga Grau,Casa pairal,
Ken Unsworth,Unsworth Ken,Bookman Schwartz,1998
Ranbir Kaleka,Kaleka Ranbir,Volte Gallery,2012
Line and Shading in Drawing,Barron's,Barrons,2005
History of DOKDO :獨島の歷史=독도의 역사.,Dokdo School,The Independence Hall of Korea,2013
History of DOKDO =독도의 역사. :,Dokdo School,The Independence Hall of Korea,2013
Drawing Lessons from the Great Masters,Hale Robert Beverly,Watson-Guptill Pub.,1989
Frank Lloyd Wright :Between Principle and form,Laseau Paul,John Wiley & Song,1992
Experimental Drawing,Kaupelis Robert,Watson-Guptill Pub.,1992
The Drawing Book :a Survey of drawing - the primary means of expression,Kovats Tania,black dog publishing,2007
Forty masterpieces of 20th century drawing & painting from India Pakistan Bangladesh & Sri Lanka,Tuli Neville.,Grantha Corporation 80 Cliffedgeway Middletown NJ,2003
MoMa highlights since 1980:250 works from the Museum of Modern Art New York,Museum of Modern Art New York,Museum of Modern Art,2007
(The)Stage of drawing:gesture and act : selected from the Tate Collection,Newman Avis.,Tate Pub.,2003
Sculptor's Drawings :Over Six Centuries 1400-1950,Eisler Colin,Agrinde Publications,
Tate mordern:(the)handbook,Morris Frances,Tate,2001
Drawings : Life drawing,구자승,연두와파랑,2009
Rosemarie Trockel Post-Menopause,Trockel Rosemarie,Museum LUDWIG,2005
Pablo Picasso His Passion:피카소의 열정,피카소 파블로,63스카이아트 미술관,2010
American Art,O'Mahony Mike,Flame tree Publishing,2006
The Rothko Book,Rothko Mark,TATE,2006
Bar None - Bar All :Reading Beyond Barcodes,Jheon Soocheon,Ganaart,2008
Modern Art :Impressinism to post-Modernism,Britt David,Thames&Hudson,2010
KLEE,Klee,Taschen,2003
Inside Out,Kurten Stefan,Artspace books,2006
Dictuinary of American Art and Artists,Morgan Ann Lee,Oxford University Press,2007
Joan Miro:1780-1867,Mink Janis,Taschen,2006
Pop art,Honnef Klaus,Taschen,2006
Kiki Smith :a gathering 1980-2005,Engberg Siri.,Walker Art Center,2005
Tribeca Talks,Prada Fondazione,Progetto Prada Arte,2004
Illustrations from the Inside :The Beat within,Nevaer Louis EV,Mark batty pub.,2007
Seven Days in the Art World :걸작의 뒷모습,Thornton Sarah,Norton,2009
The Arts and the Creation of Mind,Eisner Elliot W,The Drawing Center,2002
Cast Drawing :Using the Sight-Size Approach,Rousar Darren R,Velatura Press LLC,2007
Drawing Relationships in Northern Italian Renaissance Art :Pattonage and Theories of Invention,Periti Giancarla,Ashgate Publishing,2004
Art After Concoptual Art,Alberro Alexander,The MIT Press,2006
Space Out,Kotoulas Sotirios,SpringerWien,2005
Interaction of Color =색채의 상호작용,Albers Josef,The Drawing Center,2006
ART NOW :the new directory to 81 international contemporary artists,Grosenick Uta,TASCHEN,2008
Media Skin :Visual Identity - Seoul Square,양만기,Media Skin Creative Studio,2010
The Natural Way to Draw,Nicolaides Kimon,Houghton Mifflin Company,1969
The Natural Way to Draw,Nicolaides Kimon,Houghton Mifflin Company,1969
the age of Feminine Drawing,Allrignt reserved Publishing,AllRightsReserved Ltd.,2007
3 x abstraction :New Nethods of drawing,Klint Hilma af,The Drawing Center,2005
베르나르 브네 :페인팅 1961-2011=Bernar Venet : Paintings 1961-2011.A Retrospective,브네 베르나르,서울시립미술관,2011
베르나르 브네 :페인팅 1961-2011=Bernar Venet : Paintings 1961-2011.A Retrospective,브네 베르나르,서울시립미술관,2011
일제강점기 시각매체와 조선미술전람회 연구 :근대의 시각주체와 규율권력을 중심으로 =(A) study on visual media under occupation period of Japanese imperialism and Joseon art exhibition : focused on moder,안현정,成均館大學校,2009
雜書(잡서),박승예,서울문화재단,
(의거·순국 100년) 安重根 獨立을 넘어 平和로,안중근의사숭모회,예술의전당,2009
韓國近代美術의 歷史=(The)history of Korean modern art:韓國美術歷事典 1800-1945,최열,悅話堂,2006
韓國近代美術의 歷史=(The)history of Korean modern art:韓國美術歷事典 1800-1945,최열,悅話堂,2006
(유홍준 영상강좌)한국미술사 :조선시대의 회화 2 - 강의자료 3집,유홍준,학전,
(유홍준 영상강좌)한국미술사 :조선시대의 회화 1 - 강의자료 2집,유홍준,학전,
클레 회화에 나타난 음악적 모티브,우혜수,이화여자대학교,1995
(4324)韓國美術年鑑(資料篇)=ART ANNUAL 1991:,한국미술연감사,한국미술연감사,1991
(4324)韓國美術年鑑(名鑑篇)=ART ANNUAL 1991:,한국미술연감사,한국미술연감사,1991
Lee Jong-Sang,Le Ca,Le Carrousel du Louvre,1998
Selected eMerging Artists :SeMA 2006,서울시립미술관,서울시립미술관,2006
2010 SeMA YOUNG ARTISTS : SEMA 신진작가 전시지원 프로그램 =2010 SeMA,서울시립미술관,서울시립미술관,2010
2010 SeMA YOUNG ARTISTS : SEMA 신진작가 전시지원 프로그램 =2010 SeMA,서울시립미술관,서울시립미술관,2010
2009 SeMA YOUNG ARTISTS : SEMA 신진작가 전시지원 프로그램 =2009 SeMA,서울시립미술관,서울시립미술관,2009
Choi Ki Seog,최기성,갤러리 2 에디션,2011
한국 디자인 연감 1997,선완규,디자인하우스,1997
(2014)아시아 대학생·청년작가 미술축제 :미래와 만나다 =2014 Asian students and young artists art festival :,조선일보사,조선일보사,2014
Kira Kim :media installations. video works Photographys 2001-2005,Kim Kira,[Kira Kim],2005
고암논총=Goam essays,이응노미술관,이응노미술관,2015
(2012년) 사진연감 & Seoul Photo 2013,COEX,FOTASIACOEX,2013
寫眞年鑑 =photography yearbook :2011,COEX,COEX FOTASIA,2012
warming and Humidifying,Rhii Jewyo,광주신세계갤러리,2002
Kim Eull Drawings 50=김율 드로잉,김율,백해영갤러리,2005
앤디 워홀 일기=Andy Warhl Diaries,워홀 앤디,미메시스,2009
Contemporary Art & The Olympics =현대미술과 올림픽,신길균,로이드신미술관,1988
환경조각=Environment and sculpture,최병상,美術公論社,1990
miscellaneous drawings :Kim eull,김율,[김율],2006
김연태 드로잉 :Kim Yeon tae Drawing 2004-2006,김연태,로얄프로세스,2006
컨템포러리 아트란 무엇인가,스미스 테리,마로니에북스,2013
예술 발견!:창의적 삶을 위한 미술 프로젝트,슐츠 프랑크,미술문화,2013
창작과 인용 :현대미술의 쟁점시리즈 1 =Creation and Citation,현대미술관,무역센터 현대미술관,1992
(Seoul national university) architectural review =서울대학교 건축학과 리뷰지 :2011-2012,서울대학교.,서울대학교 공과대학 건축학과,2013
GOYA:프란시스코 고야,열화당편집부,열화당,1994
MICHELANGELO:미켈란젤로 주오나로티,열화당편집부,열화당,1994
Picasso:파블로 피카소,열화당편집부,열화당,1991
VERMEER=요하네스 베르메르,열화당편집부,열화당,1994
램브란트:하르멘스존 반 레인=REMBRRANDT,열화당편집부,열화당,1994
BOTTICELLI:산드로 보티첼리,열화당편집부,열화당,1992
C´ezanne:폴 세잔느,열화당편집부,열화당,1993
Korean Art Guide :games of the XXIVth Olympiad Seoul 1988,Seoul Olympic Organizing commitee,Seoul Olympic Organizing commitee,1987
로버트 인디애나=Robert Indiana:living legend,인디애나 로버트,서울시립미술관,2006
1900년 이후의 미술사:모더니즘 반모더니즘 포스트모더니즘,포스터 할,세미콜론,2011
미술사전.,숭례문 편집부,숭례문,1991
미술사전.,숭례문 편집부,숭례문,1991
류인철의 환경디자인 이야기,류인철,이서원,2013
더아트로 2014 =(The) Artro,예술경영지원센터,예술경영지원센터 The Artro,2014
Pohang steel art festival= 포항 스틸아트 페스티벌,포항스틸아트페스티벌 운영위원회,포항스틸아트페스티벌 운영위원회,2014
2014년도 미술시장실태조사 =Survey on the art market 2014 :2013년 기준,문화체육관광부,생각쉼표 휴먼컬처아리랑,2015
한국미술 전시공간의 역사,김달진미술자료박물관,김달진미술자료박물관,2015
(2013-2014) 서울시 창작공간 금천예술공장 =2013-2014 Seoul art space Geumcheon,서울문화재단,서울문화재단,2014
Koreastyle,Iwatate Marcia,Tuttle,2007
이철주 =LEE CHEOL JOO,이철주,결,2007
(Art cosmos) 문혜자 =Moon hye ja,문혜자,서문당,2012
쇳대,쇳대박물관,쇳대박물관,2004
레이어즈 디멘션스 :박종규 1994~2009 =Layers dimensions : Jong Kyu Park 1994~2009,박종규,갤러리신라,2009
A Nomade who gets lost in the Labyrinth of Life,최성철,의정부예술의전당,2013
A Nomade who gets lost in the Labyrinth of Life,최성철,의정부예술의전당,2013
Kim Hyunsook Portfolio,김현숙,[김현숙],2010
YUN SUKNAM,윤석남,학고재갤러리,2018
올해의 작가 2008  장연순 =Artist of the year 2008 Chang Yeon Soon,장연순,에이앤에이,2008
한일 현대판화의 구상전 =The Meditation of Master's Contemporary Print from Korea-Japan,마가미술관,마가미술관,2006
Julian Schnabel :Prints Retrospective 1983-present,슈나벨 줄리안,워터게이트갤러리,2009
기산 정명희 : 금강일기,정명희,정명희미술관,2013
심수구=Shim Soo-koo,골프존문화재단,박영덕화랑,2013
심수구=Shim Soo-koo,골프존문화재단,박영덕화랑,2013
(2007)헤이리 아시아 청년작가 프로젝트 =Asian Young Artists in Heyri,헤이리예술마을조직위원회,헤이리예술마을,2007
화중화 :서울여자대학교박물관 개관10주년 기념 특별전시회,서울여자대학교박물관,서울여자대학교 박물관,2008
Sense & Feeling:시각장애인을위한섬유미술전시회,마가미술관,마가미술관,2007
우리 도자기:천년의 슬기와 솜씨,이영준,예뿌리민속박물관,2008
김주석 展 :휴머니즘의 정신,김주석,경남도립미술관,2007
김주석 展 :휴머니즘의 정신,김주석,경남도립미술관,2007
도자 재현과 변용 :현대도자기 특별전,고려대학교박물관,고려대학교박물관,2007
도자 재현과 변용 :현대도자기 특별전,고려대학교박물관,고려대학교박물관,2007
서울-시드니:현대 한국.호주 판화전 =Seoul-Sydney :Contemporary korean and Australian Prints,현대미술공간C21,현대미술공간C21,2015
위 아래를 보다 :김정은 개인전,김정은,가람미술,
유정혜 :Memorable Moment 2012-2014=Yoo Joung Hye : draw dye and weave,유정혜,비따,2014
베르나르 포콩 =Bernard Faucon,고은문화재단,고은문화재단,2013
김혜련 =Heryun Kim :Drawings,김혜련,금산갤러리,2007
Pohang steel art festival= 포항 스틸아트 페스티벌,포항스틸아트페스티벌 운영위원회,포항스틸아트페스티벌 운영위원회,2013
(2014)아시아 대학생·청년작가 미술축제 :미래와 만나다 =2014 Asian students and young artists art festival :,조선일보사,조선일보사,2014
크라프트 드림 2014 :식사용품과 차도구 =Craft dream 2014 : tools for dinner and tea,유리지공예관,유리지공예관,2014
조각가의 드로잉=Sculptors' drawing,소마미술관,소마미술관,2011
인간 그리고 실존 :Human and the Existence,김영원,김종영미술관,2013
그림책 그림 :한국 그림책 작가 20인 원화전,전북도립미술관,전북도립미술관,2008
쇳가루 산수화 :2014 오늘의 작가 김종구 =Monologue 6000 Letters of Iron Powder,김종구,김종영미술관,2014
공공의 장소 :우리가 함께하는 그곳 =Public places : here and now,권미옥,클레이아크김해미술관,2014
(한국현대조각의 선구자) 김종영,김종영,덕수궁미술관,2005
Out of Blue,고낙범,다빈치,2003
삶과 창조의 지평 :한국 최초의 추상미술가 유영국,오광수,마로니에북스,2012
임정은:Jeoungeun Lim,임정은,[발행처불명],2005
Sungyeon Park :humming for days,박성연,Yeon books,2012
현대미술 공간산책 :김재관 교수 정년퇴임기념 비평적에세이 =Promenade of contemporary art space : Jai-Kwan Kim critical essay,아트블루,아트블루,2011
Sculpt my life :Park ok soon,박옥순,하얀울타리,2011
삶과 문화를 담은 도자기,해강도자미술관,해강도자미술관,2006
현대미술사전,듀로조이제라르,도서출판 아르떼,1994
남도문인화의 흐름을 찾아서=Searching the trend of the painting in the literary artist's style in Honam area,남포미술관,남포미술관,2006
(꿈과 믿음과 희망이 담겨있는)남도민화,도립전라남도옥과미술관,옥과미술관,2000
조선시대 선비와 머슴사이 =Literary man and Farm hand servant,사람박물관얼굴,얼굴박물관,
조선시대 선비와 머슴사이 =Literary man and Farm hand servant,사람박물관얼굴,얼굴박물관,
기억의 고집 - 빈 그릇 달을 닮은 항아리,문화체육관광부,문화체육관광부,2010
옹기!그힘과 울림,스페이스몸미술관,스페이스몸미술관,2006
전통의 손이 빚은 공예의 숨결,전라도립미술관,전라도립미술관,2010
최만린 드로잉 :모란미술관 특별기획전 =Choi Man Lin Drawing,최만린,모란미술관,2011
집을 생각하다 =House & Home,클래이아크김해미술관,김해미술관,2011
꿈의공장 알레시 :The Dream Factory,알레시 알베르토,예세,2003
Sungyeon Park :humming for days,박성연,Yeon books,2012
Calder :움직이는 조각 알렌산더 칼더,칼더 알렉산더,삼성미술관 Leeum,2013
Pohang steel art festival= 포항 스틸아트 페스티벌,포항스틸아트페스티벌 운영위원회,포항스틸아트페스티벌 운영위원회,2012
로베르 콩바스:Savoir-faire=Robert Combas : Savoir-faire,콩바스 로베르,서울시립박물관,2006
至心歸命禮 - 織·染·繡 그리고 佛敎=Special exhibition by virtue of the finest threads,수덕사.,수덕사 근역성보관,2006
인터뷰=Interview & artists as an interviewer,아르코미술관,한국문화예술위원회 아르코미술관,2011
작가들의 방 :Drawing - the Room of Artists,강효연,at Topohaus,2010
Video Art Network Forum 2009 (영어)=비디오아트의 배급과 아카이빙 공간 간의 공유,숭실대학교,숭실대학교,2009
Video Art Network Forum 2009 (한국어)=비디오아트의 배급과 아카이빙 공간 간의 공유,숭실대학교,숭실대학교,2009
이일호 =Lee Il ho : 조각가의길,이일호,인사아트센터,2010
Seurat:조르쥬 피에르 쇠라,쇠라 조르뉴 피에르,열화당,1993
김을 드로잉 =Kim Eull Drawings 2002-2004,김을,Gallary Fish,2004
최만린 =Choi Man Lin : a retrospective,최만린,국립현대미술관,2014
생명과 명상의 조각 김영원 =(The) sculpture of superconsciousness and life Kim Young Won,김영원,경남도립미술관,2011
생명과 명상의 조각 김영원 =(The) sculpture of superconsciousness and life Kim Young Won,김영원,경남도립미술관,2011
Tai-Jung Um =엄태정 :Sculpture and drawing,엄태정,성곡미술관,2009
국제조각교류전 및 제15회 한국조각가협회전,한국조각가협회,한국조각가협회,1999
홍학순,홍학순,,
황연주,황연주,,
고산금,고산금,,
구민자,구민자,,
정헌조,정헌조,,
정혜진,정혜진,,
주정아,주정아,,
최경주,최경주,,
최은정,최은정,,
이현배,이현배,,
임선희,임선희,,
임태규,임태규,,
전소정,전소정,,
전소진,전소진,,
이윤미,이윤미,,
이윤정,이윤정,,
이지영,이지영,,
이재헌,이재헌,,
최영재,최영재,,
한혜선,한혜선,,
황보경,황보경,,
강영민,강영민,,
정재호,정재호,,
조남현,조남현,,
조란향,조란향,,
조현성,조현성,,
차영석,차영석,,
이해민선,이해민선,,
이혜인,이혜인,,
이호진,이호진,,
임선이,임선이,,
임춘희,임춘희,,
이강원,이강원,,
이대일,이대일,,
이승희,이승희,,
이재순,이재순,,
이진희,이진희,,
신진호,신진호,,
심정은,심정은,,
안재홍,안재홍,,
위영일,위영일,,
윤여범,윤여범,,
변재언,변재언,,
송명진,송명진,,
송준호,송준호,,
신수진,신수진,,
이영민,이영민,,
이우성,이우성,,
이정배,이정배,,
허윤희,허윤희,,
이미정,이미정,,
이상은,이상은,,
이선주,이선주,,
소우정,소우정,,
송영희,송영희,,
안현곤,안현곤,,
오미현,오미현,,
윤상열,윤상열,,
민재영,민재영,,
박관택,박관택,,
박미경,박미경,,
박혜수,박혜수,,
배상순,배상순,,
김선희,김선희,,
김시연,김시연,,
김진희,김진희,,
모준석,모준석,,
강해인,강해인,,
권구희,권구희,,
김기훈,김기훈,,
김미련,김미련,,
김수환,김수환,,
박성연,박성연,,
변시제,변시제,,
성민화,성민화,,
안세은,안세은,,
연기백,연기백,,
김신혜,김신혜,,
김송이,김송이,,
김순임,김순임,,
김유정,김유정,,
김지아나,김지아나,,
나현,나현,,
강동구,강동구,,
권혁,권혁,,
김명진,김명진,,
김미란,김미란,,
김병호,김병호,,
조애리,조애리,,
차혜림,차혜림,,
최혜인,최혜인,,
허남준,허남준,,
이단,이단,,
전윤정,전윤정,,
전지혜,전지혜,,
정경희,정경희,,
정아롱,정아롱,,
이지은,이지은,,
이지희,이지희,,
이진,이진,,
이현아,이현아,,
전지민,전지민,,
이두현,이두현,,
이상민,이상민,,
이지연,이지연,,
정주미,정주미,,
허구영,허구영,,
오경아,오경아,,
오미현,오미현,,
오민정,오민정,,
윤가림,윤가림,,
윤성지,윤성지,,
김순철,김순철,,
김현정,김현정,,
김홍식,김홍식,,
배성희,배성희,,
최은정,최은정,,
James Umland,Umland James,,
Kathleen King,King Kathleen,,
강진영,강진영,,
김도경,김도경,,
전경화,전경화,,
정명국,정명국,,
정유미,정유미,,
조미영,조미영,,
조원희,조원희,,
오은정,오은정,,
윤소림,윤소림,,
이경하,이경하,,
임재영,임재영,,
장형선,장형선,,
한조영,한조영,,
Cnaani Avital,Avital Cnaani,,
권구희,권구희,,
권리연,권리연,,
김영섭,김영섭,,
차경화,차경화,,
차소림,차소림,,
차승언,차승언,,
최은혜,최은혜,,
한지석,한지석,,
윤주,윤주,,
김기라,김기라,,
임지혜,임지혜,,
정석희,정석희,,
민호선,민호선,,
신효순,신효순,,
유상미,유상미,,
유소라,유소라,,
임지현,임지현,,
김순희,김순희,,
김형진,김형진,,
다발킴,다발킴,,
하대준,하대준,,
홍승희,홍승희,,
강선미,강선미,,
강성은,강성은,,
곽이브,곽이브,,
김잔디,김잔디,,
김윤철,김윤철,,
김은숙,김은숙,,
김건일,김건일,,
강소영,강소영,,
편승렬,편승렬,,
한호,한호,,
홍지연,홍지연,,
정승혜,정승혜,,
구민정,구민정,,
이준형,이준형,,
이창훈,이창훈,,
조미영,조미영,,
최재용,최재용,,
유혜숙,유혜숙,,
윤민섭,윤민섭,,
윤정선,윤정선,,
윤주,윤주,,
이유진,이유진,,
양연화,양연화,,
오화진,오화진,,
유주현,유주현,,
박경률,박경률,,
백승호,백승호,,
서정자,서정자,,
손경화,손경화,,
손예인,손예인,,
장수민,장수민,,
박은하,박은하,,
하태범,하태범,,
윤영,윤영,,
정지현,정지현,,
최경화,최경화,,
허정원,허정원,,
허윤미,허윤미,,
강현덕,강현덕,,
나광호,나광호,,
정윤진,정윤진,,
정원연,정원연,,
윤지은,윤지은,,
윤규상,윤규상,,
이윤진,이윤진,,
윤자영,윤자영,,
오유경,오유경,,
신승재,신승재,,
심승욱,심승욱,,
백동열,백동열,,
안효진,안효진,,
양희아,양희아,,
박혜린,박혜린,,
심준섭,심준섭,,
송수영,송수영,,
김지희,김지희,,
김창환,김창환,,
류정민,류정민,,
문명기,문명기,,
문연희,문연희,,
양정화,양정화,,
최혜원,최혜원,,
최대진,최대진,,
조혜진,조혜진,,
이주은,이주은,,
이정동,이정동,,
이성미,이성미,,
양혜령,양혜령,,
송윤주,송윤주,,
서해영,서해영,,
서정배,서정배,,
반주영,반주영,,
박지은,박지은,,
박기진,박기진,,
림배지희,림배지희,,
김지영,김지영,,
김우진,김우진,,
전보경,전보경,,
이지연,이지연,,
이은선,이은선,,
백기은,백기은,,
박호은,박호은,,
박지희,박지희,,
박은영,박은영,,
박승예,박승예,,
하진,하진,,
오윤석,오윤석,,
심아빈,심아빈,,
Livni Liat,Liat Livni,,
홍윤정,홍윤정,,
박능생,박능생,,
LUCIA KEMPKES,KEMPKES LUCIA,,
홍성혜,홍성혜,,
허우중,허우중,,
추미림,추미림,,
최예슬,최예슬,,
최서희,최서희,,
진민욱,진민욱,,
장지은,장지은,,
이희명,이희명,,
이요나,이요나,,
송창애,송창애,,
윤재원,윤재원,,
이가경,이가경,,
김선미,김선미,,
이준용,이준용,,
고등어,고등어,,
박명미,박명미,,
장파,장파,,
권세진,권세진,,
류승환,류승환,,
이소윤,이소윤,,
로한,로한,,
윤유진,윤유진,,
박상아,박상아,,
김평준,김평준,,
김은영,김은영,,
노준,노준,,
이태량,이태량,,
김제민,김제민,,
김현숙,김현숙,,
방효진,방효진,,
이지성,이지성,,
이서인,이서인,,
양기진,양기진,,
안상훈,안상훈,,
손선경,손선경,,
박진희(2),박진희,,
박진희(1),박진희,,
박정선,박정선,,
노기쁨,노기쁨,,
김원진,김원진,,
경화초이아호이,경화초이아호이,,
강주리,강주리,,
임정은,임정은,,
이소영,이소영,,
강은혜,강은혜,,
김신애,김신애,,
정혜숙,정혜숙,,
이유경이은구,이유경이은구,,
정진아,정진아,,
김태균,김태균,,
강은구,강은구,,
채효진,채효진,,
이상선,이상선,,
이선경,이선경,,
이수진,이수진,,
이승현,이승현,,
이영빈,이영빈,,
김현수,김현수,,
안두진,안두진,,
사윤택,사윤택,,
수다,수다,,
송호은,송호은,,
심래정,심래정,,
안진우,안진우,,
박성현,박성현,,
홍범,홍범,,
이도,이도,,
이정은,이정은,,
윤예지,윤예지,,
노승복,노승복,,
남진우,남진우,,
조세진,조세진,,
류지선,류지선,,
권자연,권자연,,
유목연,유목연,,
Jeremy Laffon,Laffon Jeremy,,
이시내,이시내,,
양인희,양인희,,
박미경,박미경,,
문중기,문중기,,
박희섭,박희섭,,
박성환,박성환,,
박은영,박은영,,
박용일,박용일,,
박정래,박정래,,
권기범,권기범,,
김소연,김소연,,
김빛나라,김빛나라,,
김영욱,김영욱,,
김정향,김정향,,
황연주,황연주,,
홍기원,홍기원,,
최희승,최희승,,
정주원,정주원,,
정성윤,정성윤,,
이영호,이영호,,
박대성,박대성,,
전수경,전수경,,
